Workbook

Sheet Dados
A1: Projeto | B1: Descrição do Projeto | C1: Data Programacao | D1: Status Programacao | E1: Tipo Intervencao | F1: Numero PowerON | G1: Equipamentos | H1: Regiao | I1: CHI | J1: Horario Inicio | K1: Horario Fim | L1: Contratada
A2: DMP/A.SUL.26.06607 | B2: =_xlfn.XLOOKUP(A:A,Planilha1!A:A,Planilha1!D:D,"Não encontrado") -> Poda de Árvores | C2: 46317 | D2: Liberado para Execução | E2: FI | F2: 16948200 | G2: 256ET033820 | H2: =_xlfn.XLOOKUP(A:A,Planilha1!A:A,Planilha1!F:F,"Não encontrado") -> Sul | I2: 384 | J2: 46317.375 | K2: 46317.542 | L2: AP+Eletro Light Poda NEC
A3: DMP/A.ABC.26.02254 | B3: =_xlfn.XLOOKUP(A:A,Planilha1!A:A,Planilha1!D:D,"Não encontrado") -> Poda de Árvores | C3: 46317 | D3: Liberado para Execução | E3: FI | F3: 16943884 | G3: 035ET041988 | H3: =_xlfn.XLOOKUP(A:A,Planilha1!A:A,Planilha1!F:F,"Não encontrado") -> ABC | I3: 188 | J3: 46317.375 | K3: 46317.542 | L3: AP+Eletro Light Poda NEC
A4: DMP/A.LES.25.06403 | B4: =_xlfn.XLOOKUP(A:A,Planilha1!A:A,Planilha1!D:D,"Não encontrado") -> Reforma de Rede Secundaria RTRI | C4: 46317 | D4: Liberado para Execução | E4: FI | F4: 16943931 | G4: 356ET007318 | H4: =_xlfn.XLOOKUP(A:A,Planilha1!A:A,Planilha1!F:F,"Não encontrado") -> LES | I4: 564 | J4: 46317.375 | K4: 46317.542 | L4: Enel SP - Monte Santo
A5: DMP/A.LES.25.06946 | B5: =_xlfn.XLOOKUP(A:A,Planilha1!A:A,Planilha1!D:D,"Não encontrado") -> Reforma de Rede Secundaria RTRI | C5: 46317 | D5: Liberado para Execução | E5: FI | F5: 16943931 | G5: 356ET007318 | H5: =_xlfn.XLOOKUP(A:A,Planilha1!A:A,Planilha1!F:F,"Não encontrado") -> LES | I5: 564 | J5: 46317.375 | K5: 46317.542 | L5: Enel SP - Monte Santo
A6: DMP/A.SUL.26.07228 | B6: =_xlfn.XLOOKUP(A:A,Planilha1!A:A,Planilha1!D:D,"Não encontrado") -> Poda de Árvores | C6: 46317 | D6: Liberado para Execução | E6: FI | F6: 16966831 | G6: 252ET062593; 252BF064313 | H6: =_xlfn.XLOOKUP(A:A,Planilha1!A:A,Planilha1!F:F,"Não encontrado") -> Sul | I6: 1604 | J6: 46317.375 | K6: 46317.542 | L6: AP+Eletro Light Poda NEC
A7: DAC/A.OES.26.00764 | B7: =_xlfn.XLOOKUP(A:A,Planilha1!A:A,Planilha1!D:D,"Não encontrado") -> Ligação Nova | C7: 46317 | D7: Liberado para Execução | E7: BRA | F7: 16936630 | G7: 085ET246592 | H7: =_xlfn.XLOOKUP(A:A,Planilha1!A:A,Planilha1!F:F,"Não encontrado") -> oes | I7: 0 | J7: 46317.417 | K7: 46317.625 | L7: Cena-Land Aéreo (Área 1, 2+3 e 6) UPS
A8: DMP/A.LES.26.06440 | B8: =_xlfn.XLOOKUP(A:A,Planilha1!A:A,Planilha1!D:D,"Não encontrado") -> Poda de Árvores | C8: 46317 | D8: Cancelado | E8: PIE | F8: RESOLVIDO | G8: 355ET012493 | H8: =_xlfn.XLOOKUP(A:A,Planilha1!A:A,Planilha1!F:F,"Não encontrado") -> LES | I8: 172 | J8: 46317.375 | K8: 46317.542 | L8: AP+ELETTRO LIGHT CONSULTORIA,
A9: DMP/A.OES.26.01916 | B9: =_xlfn.XLOOKUP(A:A,Planilha1!A:A,Planilha1!D:D,"Não encontrado") -> Segurança Operativa | C9: 46317 | D9: Liberado para Execução | E9: FI | F9: 16948515 | G9: 105ET060993 | H9: =_xlfn.XLOOKUP(A:A,Planilha1!A:A,Planilha1!F:F,"Não encontrado") -> oes | I9: 240 | J9: 46317.458 | K9: 46317.625 | L9: BTobace Obras (Área 1,2+3 e 6) NEC
A10: DAC/A.ABC.26.00036 | B10: =_xlfn.XLOOKUP(A:A,Planilha1!A:A,Planilha1!D:D,"Não encontrado") -> Remoção de Poste | C10: 46317 | D10: Liberado para Execução | E10: PIE | F10: 16909486 | G10: 010ET003818 | H10: =_xlfn.XLOOKUP(A:A,Planilha1!A:A,Planilha1!F:F,"Não encontrado") -> ABC | I10: 56 | J10: 46317.979 | K10: 46318.146 | L10: Start Engenharia (Área 8B, 9 e 11) NEC
A11: DAC/A.ABC.26.00029 | B11: =_xlfn.XLOOKUP(A:A,Planilha1!A:A,Planilha1!D:D,"Não encontrado") -> Remoção de Poste | C11: 46317 | D11: Liberado para Execução | E11: FI | F11: 16944434 | G11: 030ET007283 | H11: =_xlfn.XLOOKUP(A:A,Planilha1!A:A,Planilha1!F:F,"Não encontrado") -> ABC | I11: 156 | J11: 46317.396 | K11: 46317.562 | L11: TEES Engenharia (Áreas 7, 8A e 10) NEC
A12: DMP/A.OES.26.04458 | B12: =_xlfn.XLOOKUP(A:A,Planilha1!A:A,Planilha1!D:D,"Não encontrado") -> Rede Compacta | C12: 46317 | D12: Liberado para Execução | E12: FI | F12: 16948159 | G12: ET-031746 | H12: =_xlfn.XLOOKUP(A:A,Planilha1!A:A,Planilha1!F:F,"Não encontrado") -> oes | I12: 64 | J12: 46317.5 | K12: 46317.667 | L12: Cena-Land Aéreo (Área 1, 2+3 e 6) UPS
A13: DAC/A.LES.26.01126 | B13: =_xlfn.XLOOKUP(A:A,Planilha1!A:A,Planilha1!D:D,"Não encontrado") -> Ligação Nova | C13: 46317 | D13: Liberado para Execução | E13: PIE | F13: 16936764 | G13: 356ET162584 | H13: =_xlfn.XLOOKUP(A:A,Planilha1!A:A,Planilha1!F:F,"Não encontrado") -> LES | I13: 72 | J13: 46317.396 | K13: 46317.562 | L13: Start Engenharia (Área 8B, 9 e 11) NEC
... A66: DAC/A.NOR.25.01320 | B66: =_xlfn.XLOOKUP(A:A,Planilha1!A:A,Planilha1!D:D,"Não encontrado") -> Ligação Nova | C66: 46317 | D66: Liberado para Execução | E66: BRA | F66: 16970482 | G66: DJSAM0102 | H66: =_xlfn.XLOOKUP(A:A,Planilha1!A:A,Planilha1!F:F,"Não encontrado") -> NOR | I66: 0 | J66: 46317.333 | K66: 46317.708 | L66: Conecta Obras (Área 4 e 5) NEC
A67: DAC/A.SUL.26.00475 | B67: =_xlfn.XLOOKUP(A:A,Planilha1!A:A,Planilha1!D:D,"Não encontrado") -> Remoção de Poste | C67: 46317 | D67: Liberado para Execução | E67: OLVR | G67: 256ET098552 | H67: =_xlfn.XLOOKUP(A:A,Planilha1!A:A,Planilha1!F:F,"Não encontrado") -> Sul | I67: 0 | J67: 46317.375 | K67: 46317.667 | L67: Alpitel Energy (Área 7, 8A e 10) NEC
A68: DAC/A.SUL.25.01209 | B68: =_xlfn.XLOOKUP(A:A,Planilha1!A:A,Planilha1!D:D,"Não encontrado") -> Afastamento de Rede (Clientes) | C68: 46317 | D68: Liberado para Execução | E68: BRA | F68: 16996830 | G68: 256BF063129 | H68: =_xlfn.XLOOKUP(A:A,Planilha1!A:A,Planilha1!F:F,"Não encontrado") -> Sul | I68: 0 | J68: 46317.375 | K68: 46317.667 | L68: Alpitel Energy (Área 7, 8A e 10) NEC
A69: DMP/A.SUL.25.07763 | B69: =_xlfn.XLOOKUP(A:A,Planilha1!A:A,Planilha1!D:D,"Não encontrado") -> Religador Automático | C69: 46317 | D69: Liberado para Execução | E69: FI | F69: 16977200 | G69: 355ET007141 | H69: =_xlfn.XLOOKUP(A:A,Planilha1!A:A,Planilha1!F:F,"Não encontrado") -> Sul | I69: 224 | J69: 46317.438 | K69: 46317.604 | L69: Alpitel Energy (Área 7, 8A e 10) NEC
A70: DMP/A.LES.26.02040 | B70: =_xlfn.XLOOKUP(A:A,Planilha1!A:A,Planilha1!D:D,"Não encontrado") -> Reforma de Rede Secundária | C70: 46317 | D70: Liberado para Execução | E70: FI | F70: 16977200 | G70: 355ET025695 | H70: =_xlfn.XLOOKUP(A:A,Planilha1!A:A,Planilha1!F:F,"Não encontrado") -> LES | I70: 500 | J70: 46317.438 | K70: 46317.604 | L70: ZZOUT-PSC Alpitel Área 9
A71: DMP/A.LES.12.01197 | B71: =_xlfn.XLOOKUP(A:A,Planilha1!A:A,Planilha1!D:D,"Não encontrado") -> Manutenção de Redes e Linhas Aéreas | C71: 46317 | D71: Liberado para Execução | E71: FI | F71: 16947836 | G71: 353ET170724 | H71: =_xlfn.XLOOKUP(A:A,Planilha1!A:A,Planilha1!F:F,"Não encontrado") -> LES | I71: 0 | J71: 46317.001 | K71: 46317.167 | L71: Enel SP - Diadema
A72: DAC/A.OES.26.00914 | B72: =_xlfn.XLOOKUP(A:A,Planilha1!A:A,Planilha1!D:D,"Não encontrado") -> Ligação Nova | C72: 46317 | D72: Liberado para Execução | E72: BRA | F72: 16964424 | G72: 252ET101315 | H72: =_xlfn.XLOOKUP(A:A,Planilha1!A:A,Planilha1!F:F,"Não encontrado") -> oes | I72: 0 | J72: 46317.375 | K72: 46317.667 | L72: BTobace Obras (Área 1,2+3 e 6) NEC
A73: DAC/A.OES.26.00914 | B73: =_xlfn.XLOOKUP(A:A,Planilha1!A:A,Planilha1!D:D,"Não encontrado") -> Ligação Nova | C73: 46317 | D73: Liberado para Execução | E73: BRA | F73: 16976852 | G73: 252ET100122 | H73: =_xlfn.XLOOKUP(A:A,Planilha1!A:A,Planilha1!F:F,"Não encontrado") -> oes | I73: 0 | J73: 46317.375 | K73: 46317.667 | L73: BTobace Obras (Área 1,2+3 e 6) NEC
A74: DMP/A.SUL.26.07200 | B74: =_xlfn.XLOOKUP(A:A,Planilha1!A:A,Planilha1!D:D,"Não encontrado") -> Rede Compacta | C74: 46317 | D74: Liberado para Execução | E74: FI | F74: 16983132 | G74: 256BF062823 | H74: =_xlfn.XLOOKUP(A:A,Planilha1!A:A,Planilha1!F:F,"Não encontrado") -> Sul | I74: 244 | J74: 46317.458 | K74: 46317.625 | L74: PSE Engenharia (Área 7, 8A e 10) NEC
A75: DMP/A.SUL.26.07333 | B75: =_xlfn.XLOOKUP(A:A,Planilha1!A:A,Planilha1!D:D,"Não encontrado") -> Rede Compacta | C75: 46317 | D75: Liberado para Execução | E75: FI | F75: 16983132 | G75: 256BF062823 | H75: =_xlfn.XLOOKUP(A:A,Planilha1!A:A,Planilha1!F:F,"Não encontrado") -> Sul | I75: 244 | J75: 46317.458 | K75: 46317.625 | L75: PSE Engenharia (Área 7, 8A e 10) NEC
A76: DMP/A.SUL.26.07466 | B76: =_xlfn.XLOOKUP(A:A,Planilha1!A:A,Planilha1!D:D,"Não encontrado") -> Rede Compacta | C76: 46317 | D76: Liberado para Execução | E76: FI | F76: 16983132 | G76: 256BF062823 | H76: =_xlfn.XLOOKUP(A:A,Planilha1!A:A,Planilha1!F:F,"Não encontrado") -> Sul | I76: 244 | J76: 46317.458 | K76: 46317.625 | L76: PSE Engenharia (Área 7, 8A e 10) NEC
A77: DMP/A.SUL.26.07199 | B77: =_xlfn.XLOOKUP(A:A,Planilha1!A:A,Planilha1!D:D,"Não encontrado") -> Rede Compacta | C77: 46317 | D77: Liberado para Execução | E77: FI | F77: 16983132 | G77: 256BF062823 | H77: =_xlfn.XLOOKUP(A:A,Planilha1!A:A,Planilha1!F:F,"Não encontrado") -> Sul | I77: 244 | J77: 46317.458 | K77: 46317.625 | L77: PSE Engenharia (Área 7, 8A e 10) NEC
A78: DMP/A.ABC.26.00224 | B78: =_xlfn.XLOOKUP(A:A,Planilha1!A:A,Planilha1!D:D,"Não encontrado") -> Poda de Árvores | C78: 46317 | D78: Cancelado | E78: FI | F78: DEVOLVIDO | G78: 035BF034710 | H78: =_xlfn.XLOOKUP(A:A,Planilha1!A:A,Planilha1!F:F,"Não encontrado") -> ABC | I78: 476 | J78: 46317.375 | K78: 46317.542 | L78: AP+Eletro Light Poda NEC
A79: DMP/A.ABC.26.00007 | B79: =_xlfn.XLOOKUP(A:A,Planilha1!A:A,Planilha1!D:D,"Não encontrado") -> Poda de Árvores | C79: 46317 | D79: Cancelado | E79: FI | F79: DEVOLVIDO | G79: 035ET041723 | H79: =_xlfn.XLOOKUP(A:A,Planilha1!A:A,Planilha1!F:F,"Não encontrado") -> ABC | I79: 272 | J79: 46317.375 | K79: 46317.542 | L79: AP+Eletro Light Poda NEC
... A114: DMP/A.SUL.26.05338 | B114: =_xlfn.XLOOKUP(A:A,Planilha1!A:A,Planilha1!D:D,"Não encontrado") -> Poda de Árvores | C114: 46317 | D114: Liberado para Execução | E114: BRA | F114: 17001800 | G114: 151CT000506 | H114: =_xlfn.XLOOKUP(A:A,Planilha1!A:A,Planilha1!F:F,"Não encontrado") -> Sul | I114: 0 | J114: 46317.292 | K114: 46317.75 | L114: BTobace Obras (Área 1,2+3 e 6) PODA
A115: DMP/A.NOR.26.03775 | B115: =_xlfn.XLOOKUP(A:A,Planilha1!A:A,Planilha1!D:D,"Não encontrado") -> Religador Automático | C115: 46317 | D115: Rascunho | E115: BRA | G115: 151ET014997 | H115: =_xlfn.XLOOKUP(A:A,Planilha1!A:A,Planilha1!F:F,"Não encontrado") -> NOR | I115: 0 | J115: 46317.333 | K115: 46317.708 | L115: Enel SP - Fagundes Filho
A116: DMP/A.OES.26.07227 | B116: =_xlfn.XLOOKUP(A:A,Planilha1!A:A,Planilha1!D:D,"Não encontrado") -> Poda de Árvores | C116: 46317 | D116: Liberado para Execução | E116: BRA | F116: 17001698-1 | G116: CT-000506 | H116: =_xlfn.XLOOKUP(A:A,Planilha1!A:A,Planilha1!F:F,"Não encontrado") -> oes | I116: 0 | J116: 46317.292 | K116: 46317.75 | L116: BTobace Obras (Área 1,2+3 e 6) PODA
A117: DMP/A.OES.26.07252 | B117: =_xlfn.XLOOKUP(A:A,Planilha1!A:A,Planilha1!D:D,"Não encontrado") -> Poda de Árvores | C117: 46317 | D117: Pendente de Aprovação | E117: BRA | G117: CT-000506 | H117: =_xlfn.XLOOKUP(A:A,Planilha1!A:A,Planilha1!F:F,"Não encontrado") -> oes | I117: 0 | J117: 46317.292 | K117: 46317.75 | L117: BTobace Obras (Área 1,2+3 e 6) PODA
A118: DMP/A.ABC.26.01026 | B118: =_xlfn.XLOOKUP(A:A,Planilha1!A:A,Planilha1!D:D,"Não encontrado") -> Poda de Árvores | C118: 46317 | D118: Liberado para Execução | E118: BRA | F118: 16993303-1 | G118: 035ET028486 | H118: =_xlfn.XLOOKUP(A:A,Planilha1!A:A,Planilha1!F:F,"Não encontrado") -> ABC | I118: 0 | J118: 46317.292 | K118: 46317.708 | L118: AP+ELETTRO LIGHT CONSULTORIA,
A119: DMP/A.SUL.26.04534 | B119: =_xlfn.XLOOKUP(A:A,Planilha1!A:A,Planilha1!D:D,"Não encontrado") -> Poda de Árvores | C119: 46317 | D119: Liberado para Execução | E119: BRA | F119: 17001571 | G119: 151CT000506 | H119: =_xlfn.XLOOKUP(A:A,Planilha1!A:A,Planilha1!F:F,"Não encontrado") -> Sul | I119: 0 | J119: 46317.292 | K119: 46317.75 | L119: BTobace Obras (Área 1,2+3 e 6) PODA
A120: DMP/A.ABC.26.03225 | B120: =_xlfn.XLOOKUP(A:A,Planilha1!A:A,Planilha1!D:D,"Não encontrado") -> Poda de Árvores | C120: 46317 | D120: Liberado para Execução | E120: BRA | F120: 16996154-1 | G120: 030ET029814 | H120: =_xlfn.XLOOKUP(A:A,Planilha1!A:A,Planilha1!F:F,"Não encontrado") -> ABC | I120: 0 | J120: 46317.292 | K120: 46317.708 | L120: AP+ELETTRO LIGHT CONSULTORIA,
A121: DMP/A.ABC.26.03205 | B121: =_xlfn.XLOOKUP(A:A,Planilha1!A:A,Planilha1!D:D,"Não encontrado") -> Poda de Árvores | C121: 46317 | D121: Liberado para Execução | E121: BRA | F121: 16996154-1 | G121: 030ET005500 | H121: =_xlfn.XLOOKUP(A:A,Planilha1!A:A,Planilha1!F:F,"Não encontrado") -> ABC | I121: 0 | J121: 46317.292 | K121: 46317.708 | L121: AP+ELETTRO LIGHT CONSULTORIA,
A122: DMP/A.ABC.26.03230 | B122: =_xlfn.XLOOKUP(A:A,Planilha1!A:A,Planilha1!D:D,"Não encontrado") -> Poda de Árvores | C122: 46317 | D122: Liberado para Execução | E122: BRA | F122: 16996263-1 | G122: 030ET015335 | H122: =_xlfn.XLOOKUP(A:A,Planilha1!A:A,Planilha1!F:F,"Não encontrado") -> ABC | I122: 0 | J122: 46317.292 | K122: 46317.708 | L122: AP+ELETTRO LIGHT CONSULTORIA,
A123: DMP/A.SUL.26.06110 | B123: =_xlfn.XLOOKUP(A:A,Planilha1!A:A,Planilha1!D:D,"Não encontrado") -> Poda de Árvores | C123: 46317 | D123: Liberado para Execução | E123: BRA | F123: 17001333 | G123: 151CT000506 | H123: =_xlfn.XLOOKUP(A:A,Planilha1!A:A,Planilha1!F:F,"Não encontrado") -> Sul | I123: 0 | J123: 46317.292 | K123: 46317.75 | L123: BTobace Obras (Área 1,2+3 e 6) PODA
A124: DMP/A.ABC.26.01804 | B124: =_xlfn.XLOOKUP(A:A,Planilha1!A:A,Planilha1!D:D,"Não encontrado") -> Poda de Árvores | C124: 46317 | D124: Liberado para Execução | E124: BRA | F124: 16997152-1 | G124: 035ET233406 | H124: =_xlfn.XLOOKUP(A:A,Planilha1!A:A,Planilha1!F:F,"Não encontrado") -> ABC | I124: 0 | J124: 46317.292 | K124: 46317.708 | L124: AP+ELETTRO LIGHT CONSULTORIA,
A125: DMP/A.ABC.26.03247 | B125: =_xlfn.XLOOKUP(A:A,Planilha1!A:A,Planilha1!D:D,"Não encontrado") -> Poda de Árvores | C125: 46317 | D125: Liberado para Execução | E125: BRA | F125: 16996344-1 | G125: 030IP012134 | H125: =_xlfn.XLOOKUP(A:A,Planilha1!A:A,Planilha1!F:F,"Não encontrado") -> ABC | I125: 0 | J125: 46317.292 | K125: 46317.708 | L125: AP+ELETTRO LIGHT CONSULTORIA,
A126: DMP/A.ABC.26.02739 | B126: =_xlfn.XLOOKUP(A:A,Planilha1!A:A,Planilha1!D:D,"Não encontrado") -> Poda de Árvores | C126: 46317 | D126: Liberado para Execução | E126: BRA | F126: 16996492-1 | G126: 035ET227334 | H126: =_xlfn.XLOOKUP(A:A,Planilha1!A:A,Planilha1!F:F,"Não encontrado") -> ABC | I126: 0 | J126: 46317.292 | K126: 46317.708 | L126: AP+ELETTRO LIGHT CONSULTORIA,
A127: DMP/A.ABC.26.02815 | B127: =_xlfn.XLOOKUP(A:A,Planilha1!A:A,Planilha1!D:D,"Não encontrado") -> Poda de Árvores | C127: 46317 | D127: Liberado para Execução | E127: BRA | F127: 16996579-1 | G127: 035ET226999 | H127: =_xlfn.XLOOKUP(A:A,Planilha1!A:A,Planilha1!F:F,"Não encontrado") -> ABC | I127: 0 | J127: 46317.292 | K127: 46317.708 | L127: AP+ELETTRO LIGHT CONSULTORIA,
A128: DMP/A.ABC.26.02813 | B128: =_xlfn.XLOOKUP(A:A,Planilha1!A:A,Planilha1!D:D,"Não encontrado") -> Poda de Árvores | C128: 46317 | D128: Liberado para Execução | E128: BRA | F128: 16996697-1 | G128: 035ET063185 | H128: =_xlfn.XLOOKUP(A:A,Planilha1!A:A,Planilha1!F:F,"Não encontrado") -> ABC | I128: 0 | J128: 46317.292 | K128: 46317.708 | L128: AP+ELETTRO LIGHT CONSULTORIA,
A129: DMP/A.ABC.26.02812 | B129: =_xlfn.XLOOKUP(A:A,Planilha1!A:A,Planilha1!D:D,"Não encontrado") -> Poda de Árvores | C129: 46317 | D129: Liberado para Execução | E129: BRA | F129: 16996841-1 | G129: 035ET226962 | H129: =_xlfn.XLOOKUP(A:A,Planilha1!A:A,Planilha1!F:F,"Não encontrado") -> ABC | I129: 0 | J129: 46317.292 | K129: 46317.708 | L129: AP+ELETTRO LIGHT CONSULTORIA,
... A148: DMP/A.OES.26.07248 | B148: =_xlfn.XLOOKUP(A:A,Planilha1!A:A,Planilha1!D:D,"Não encontrado") -> Poda de Árvores | C148: 46317 | D148: Liberado para Execução | E148: BRA | F148: 17006688-1 | G148: 351SA000506 | H148: =_xlfn.XLOOKUP(A:A,Planilha1!A:A,Planilha1!F:F,"Não encontrado") -> oes | I148: 0 | J148: 46317.292 | K148: 46317.75 | L148: BTobace Obras (Área 1,2+3 e 6) PODA
A149: DMP/A.SUL.26.01536 | B149: =_xlfn.XLOOKUP(A:A,Planilha1!A:A,Planilha1!D:D,"Não encontrado") -> Poda de Árvores | C149: 46317 | D149: Liberado para Documentação | E149: FI | G149: 254BF064480 | H149: =_xlfn.XLOOKUP(A:A,Planilha1!A:A,Planilha1!F:F,"Não encontrado") -> Sul | I149: 16 | J149: 46317.375 | K149: 46317.542 | L149: AP+Eletro Light Poda NEC
A150: DMP/A.LES.26.06525 | B150: =_xlfn.XLOOKUP(A:A,Planilha1!A:A,Planilha1!D:D,"Não encontrado") -> Não encontrado | C150: 46317 | D150: Cancelado | E150: FI | F150: DEVOLVIDO | G150: 355BF055198 | H150: =_xlfn.XLOOKUP(A:A,Planilha1!A:A,Planilha1!F:F,"Não encontrado") -> Não encontrado | I150: 0 | J150: 46317 | K150: 46317.167 | L150: Enel SP - Penha
A151: DMP/A.NOR.26.06343 | B151: =_xlfn.XLOOKUP(A:A,Planilha1!A:A,Planilha1!D:D,"Não encontrado") -> Poda de Árvores | C151: 46317 | D151: Liberado para Execução | E151: BRA | F151: 17003465-1 | G151: 261ET111152 | H151: =_xlfn.XLOOKUP(A:A,Planilha1!A:A,Planilha1!F:F,"Não encontrado") -> NOR | I151: 0 | J151: 46317.292 | K151: 46317.708 | L151: AP+ELETTRO LIGHT CONSULTORIA,
A152: DMP/A.SUL.26.05618 | B152: =_xlfn.XLOOKUP(A:A,Planilha1!A:A,Planilha1!D:D,"Não encontrado") -> Poda de Árvores | C152: 46317 | D152: Liberado para Execução | E152: BRA | F152: 17001302 | G152: 256IP14K144 | H152: =_xlfn.XLOOKUP(A:A,Planilha1!A:A,Planilha1!F:F,"Não encontrado") -> Sul | I152: 0 | J152: 46317.292 | K152: 46317.708 | L152: AP+Eletro Light Poda NEC
A153: DMP/A.SUL.26.05623 | B153: =_xlfn.XLOOKUP(A:A,Planilha1!A:A,Planilha1!D:D,"Não encontrado") -> Poda de Árvores | C153: 46317 | D153: Liberado para Execução | E153: BRA | F153: 17001135 | G153: 256ET101288 | H153: =_xlfn.XLOOKUP(A:A,Planilha1!A:A,Planilha1!F:F,"Não encontrado") -> Sul | I153: 0 | J153: 46317.292 | K153: 46317.708 | L153: AP+Eletro Light Poda NEC
A154: DMP/A.SUL.26.06936 | B154: =_xlfn.XLOOKUP(A:A,Planilha1!A:A,Planilha1!D:D,"Não encontrado") -> Poda de Árvores | C154: 46317 | D154: Liberado para Execução | E154: BRA | F154: 17001135 | G154: 256ET058866 | H154: =_xlfn.XLOOKUP(A:A,Planilha1!A:A,Planilha1!F:F,"Não encontrado") -> Sul | I154: 0 | J154: 46317.292 | K154: 46317.708 | L154: AP+ELETTRO LIGHT CONSULTORIA,
A155: DMP/A.SUL.26.06939 | B155: =_xlfn.XLOOKUP(A:A,Planilha1!A:A,Planilha1!D:D,"Não encontrado") -> Poda de Árvores | C155: 46317 | D155: Liberado para Execução | E155: BRA | F155: 16998983 | G155: 256ET056266 | H155: =_xlfn.XLOOKUP(A:A,Planilha1!A:A,Planilha1!F:F,"Não encontrado") -> Sul | I155: 0 | J155: 46317.292 | K155: 46317.708 | L155: AP+ELETTRO LIGHT CONSULTORIA,
A156: DMP/A.NOR.26.05913 | B156: =_xlfn.XLOOKUP(A:A,Planilha1!A:A,Planilha1!D:D,"Não encontrado") -> Poda de Árvores | C156: 46317 | D156: Liberado para Execução | E156: BRA | F156: 17003037-1 | G156: 261ET025894 | H156: =_xlfn.XLOOKUP(A:A,Planilha1!A:A,Planilha1!F:F,"Não encontrado") -> NOR | I156: 0 | J156: 46317.292 | K156: 46317.708 | L156: AP+ELETTRO LIGHT CONSULTORIA,
A157: DMP/A.NOR.26.06338 | B157: =_xlfn.XLOOKUP(A:A,Planilha1!A:A,Planilha1!D:D,"Não encontrado") -> Poda de Árvores | C157: 46317 | D157: Liberado para Execução | E157: BRA | F157: 17003037-1 | G157: 261ET025894 | H157: =_xlfn.XLOOKUP(A:A,Planilha1!A:A,Planilha1!F:F,"Não encontrado") -> NOR | I157: 0 | J157: 46317.292 | K157: 46317.708 | L157: AP+ELETTRO LIGHT CONSULTORIA,
A158: DMP/A.NOR.26.06336 | B158: =_xlfn.XLOOKUP(A:A,Planilha1!A:A,Planilha1!D:D,"Não encontrado") -> Poda de Árvores | C158: 46317 | D158: Liberado para Execução | E158: BRA | F158: 17003037-1 | G158: 261ET025894 | H158: =_xlfn.XLOOKUP(A:A,Planilha1!A:A,Planilha1!F:F,"Não encontrado") -> NOR | I158: 0 | J158: 46317.292 | K158: 46317.708 | L158: AP+ELETTRO LIGHT CONSULTORIA,
A159: DMP/A.NOR.26.06335 | B159: =_xlfn.XLOOKUP(A:A,Planilha1!A:A,Planilha1!D:D,"Não encontrado") -> Poda de Árvores | C159: 46317 | D159: Liberado para Execução | E159: BRA | F159: 17003037-1 | G159: 261ET025894 | H159: =_xlfn.XLOOKUP(A:A,Planilha1!A:A,Planilha1!F:F,"Não encontrado") -> NOR | I159: 0 | J159: 46317.292 | K159: 46317.708 | L159: AP+ELETTRO LIGHT CONSULTORIA,
A160: DMP/A.SUL.26.05590 | B160: =_xlfn.XLOOKUP(A:A,Planilha1!A:A,Planilha1!D:D,"Não encontrado") -> Poda de Árvores | C160: 46317 | D160: Liberado para Execução | E160: BRA | F160: 16998730 | G160: 256ET099671 | H160: =_xlfn.XLOOKUP(A:A,Planilha1!A:A,Planilha1!F:F,"Não encontrado") -> Sul | I160: 0 | J160: 46317.25 | K160: 46317.75 | L160: AP+Eletro Light Poda NEC
A161: DMP/A.SUL.26.05613 | B161: =_xlfn.XLOOKUP(A:A,Planilha1!A:A,Planilha1!D:D,"Não encontrado") -> Poda de Árvores | C161: 46317 | D161: Liberado para Execução | E161: BRA | F161: 16998730 | G161: 256ET062281 | H161: =_xlfn.XLOOKUP(A:A,Planilha1!A:A,Planilha1!F:F,"Não encontrado") -> Sul | I161: 0 | J161: 46317.25 | K161: 46317.75 | L161: AP+Eletro Light Poda NEC
... A165: DMP/A.OES.26.01876 | B165: =_xlfn.XLOOKUP(A:A,Planilha1!A:A,Planilha1!D:D,"Não encontrado") -> Manutenção de Redes e Linhas Aéreas | C165: 46317 | D165: Liberado para Execução | E165: BRA | F165: 16997052 | G165: 252ET009777 | H165: =_xlfn.XLOOKUP(A:A,Planilha1!A:A,Planilha1!F:F,"Não encontrado") -> oes | I165: 0 | J165: 46317.375 | K165: 46317.708 | L165: Enel SP - Fagundes Filho
A166: DMP/A.NOR.26.04044 | B166: =_xlfn.XLOOKUP(A:A,Planilha1!A:A,Planilha1!D:D,"Não encontrado") -> Poda de Árvores | C166: 46317 | D166: Cancelado | E166: BRA | G166: 251ET097817 | H166: =_xlfn.XLOOKUP(A:A,Planilha1!A:A,Planilha1!F:F,"Não encontrado") -> NOR | I166: 0 | J166: 46317.292 | K166: 46317.708 | L166: AP+ELETTRO LIGHT CONSULTORIA,
A167: DMP/A.SUL.26.05792 | B167: =_xlfn.XLOOKUP(A:A,Planilha1!A:A,Planilha1!D:D,"Não encontrado") -> Poda de Árvores | C167: 46317 | D167: Liberado para Execução | E167: BRA | F167: 17001623-1 | G167: 151ET043149 | H167: =_xlfn.XLOOKUP(A:A,Planilha1!A:A,Planilha1!F:F,"Não encontrado") -> Sul | I167: 0 | J167: 46317.292 | K167: 46317.708 | L167: AP+ELETTRO LIGHT CONSULTORIA,
A168: DMP/A.NOR.26.04440 | B168: =_xlfn.XLOOKUP(A:A,Planilha1!A:A,Planilha1!D:D,"Não encontrado") -> Poda de Árvores | C168: 46317 | D168: Liberado para Execução | E168: BRA | F168: 17001071 | G168: 151ET026469 | H168: =_xlfn.XLOOKUP(A:A,Planilha1!A:A,Planilha1!F:F,"Não encontrado") -> NOR | I168: 0 | J168: 46317.292 | K168: 46317.708 | L168: AP+ELETTRO LIGHT CONSULTORIA,
A169: DMP/A.NOR.26.04724 | B169: =_xlfn.XLOOKUP(A:A,Planilha1!A:A,Planilha1!D:D,"Não encontrado") -> Poda de Árvores | C169: 46317 | D169: Liberado para Execução | E169: BRA | F169: 17001134 | G169: 251ET076026 | H169: =_xlfn.XLOOKUP(A:A,Planilha1!A:A,Planilha1!F:F,"Não encontrado") -> NOR | I169: 0 | J169: 46317.292 | K169: 46317.708 | L169: AP+ELETTRO LIGHT CONSULTORIA,
A170: DMP/A.NOR.26.05359 | B170: =_xlfn.XLOOKUP(A:A,Planilha1!A:A,Planilha1!D:D,"Não encontrado") -> Religador Automático | C170: 46317 | D170: Liberado para Execução | E170: BRA | F170: 17001475 | G170: 152ET047753; 152ET002890 | H170: =_xlfn.XLOOKUP(A:A,Planilha1!A:A,Planilha1!F:F,"Não encontrado") -> NOR | I170: 0 | J170: 46317.333 | K170: 46317.708 | L170: Enel SP - Cajati
A171: DMP/A.NOR.26.05360 | B171: =_xlfn.XLOOKUP(A:A,Planilha1!A:A,Planilha1!D:D,"Não encontrado") -> Religador Automático | C171: 46317 | D171: Liberado para Execução | E171: BRA | F171: 17001661 | G171: 152ET015652; 152ET085391 | H171: =_xlfn.XLOOKUP(A:A,Planilha1!A:A,Planilha1!F:F,"Não encontrado") -> NOR | I171: 0 | J171: 46317.333 | K171: 46317.708 | L171: Enel SP - Cajati
A172: DMP/A.NOR.26.02422 | B172: =_xlfn.XLOOKUP(A:A,Planilha1!A:A,Planilha1!D:D,"Não encontrado") -> Instalação de equipamentos de proteção | C172: 46317 | D172: Liberado para Execução | E172: BRA | F172: 17001852 | G172: 354BF052551 | H172: =_xlfn.XLOOKUP(A:A,Planilha1!A:A,Planilha1!F:F,"Não encontrado") -> NOR | I172: 0 | J172: 46317.333 | K172: 46317.708 | L172: Enel SP - Cajati
A173: DMP/A.NOR.26.05856 | B173: =_xlfn.XLOOKUP(A:A,Planilha1!A:A,Planilha1!D:D,"Não encontrado") -> Poda de Árvores | C173: 46317 | D173: Liberado para Execução | E173: BRA | F173: 17002307 | G173: 257ET009528 | H173: =_xlfn.XLOOKUP(A:A,Planilha1!A:A,Planilha1!F:F,"Não encontrado") -> NOR | I173: 0 | J173: 46317.292 | K173: 46317.708 | L173: AP+ELETTRO LIGHT CONSULTORIA,
A174: DMP/A.NOR.26.05857 | B174: =_xlfn.XLOOKUP(A:A,Planilha1!A:A,Planilha1!D:D,"Não encontrado") -> Poda de Árvores | C174: 46317 | D174: Liberado para Execução | E174: BRA | F174: 17002307 | G174: 257ET070829 | H174: =_xlfn.XLOOKUP(A:A,Planilha1!A:A,Planilha1!F:F,"Não encontrado") -> NOR | I174: 0 | J174: 46317.292 | K174: 46317.708 | L174: AP+ELETTRO LIGHT CONSULTORIA,
A175: DMP/A.NOR.26.05858 | B175: =_xlfn.XLOOKUP(A:A,Planilha1!A:A,Planilha1!D:D,"Não encontrado") -> Poda de Árvores | C175: 46317 | D175: Liberado para Execução | E175: BRA | F175: 17002307 | G175: 257ET000648 | H175: =_xlfn.XLOOKUP(A:A,Planilha1!A:A,Planilha1!F:F,"Não encontrado") -> NOR | I175: 0 | J175: 46317.292 | K175: 46317.708 | L175: AP+ELETTRO LIGHT CONSULTORIA,
A176: DMP/A.NOR.26.05870 | B176: =_xlfn.XLOOKUP(A:A,Planilha1!A:A,Planilha1!D:D,"Não encontrado") -> Poda de Árvores | C176: 46317 | D176: Liberado para Execução | E176: BRA | F176: 17002307 | G176: 257ET122092 | H176: =_xlfn.XLOOKUP(A:A,Planilha1!A:A,Planilha1!F:F,"Não encontrado") -> NOR | I176: 0 | J176: 46317.292 | K176: 46317.708 | L176: AP+ELETTRO LIGHT CONSULTORIA,
A177: DMP/A.NOR.26.05869 | B177: =_xlfn.XLOOKUP(A:A,Planilha1!A:A,Planilha1!D:D,"Não encontrado") -> Poda de Árvores | C177: 46317 | D177: Liberado para Execução | E177: BRA | F177: 17002307 | G177: DJMON0103 | H177: =_xlfn.XLOOKUP(A:A,Planilha1!A:A,Planilha1!F:F,"Não encontrado") -> NOR | I177: 0 | J177: 46317.292 | K177: 46317.708 | L177: AP+ELETTRO LIGHT CONSULTORIA,
A178: DMP/A.NOR.26.06157 | B178: =_xlfn.XLOOKUP(A:A,Planilha1!A:A,Planilha1!D:D,"Não encontrado") -> Poda de Árvores | C178: 46317 | D178: Liberado para Execução | E178: BRA | F178: 17001386 | G178: 354ET021637 | H178: =_xlfn.XLOOKUP(A:A,Planilha1!A:A,Planilha1!F:F,"Não encontrado") -> NOR | I178: 0 | J178: 46317.292 | K178: 46317.708 | L178: AP+ELETTRO LIGHT CONSULTORIA,
... A194: DMP/A.NOR.26.06171 | B194: =_xlfn.XLOOKUP(A:A,Planilha1!A:A,Planilha1!D:D,"Não encontrado") -> Poda de Árvores | C194: 46317 | D194: Liberado para Execução | E194: OLVR | F194: 17001260-1 | G194: 354ET500424 | H194: =_xlfn.XLOOKUP(A:A,Planilha1!A:A,Planilha1!F:F,"Não encontrado") -> NOR | I194: 0 | J194: 46317.292 | K194: 46317.708 | L194: AP+ELETTRO LIGHT CONSULTORIA,
A195: DMP/A.NOR.26.05008 | B195: =_xlfn.XLOOKUP(A:A,Planilha1!A:A,Planilha1!D:D,"Não encontrado") -> Poda de Árvores | C195: 46317 | D195: Pendente de Aprovação | E195: BRA | G195: 251ET028125 | H195: =_xlfn.XLOOKUP(A:A,Planilha1!A:A,Planilha1!F:F,"Não encontrado") -> NOR | I195: 0 | J195: 46317.292 | K195: 46317.708 | L195: AP+ELETTRO LIGHT CONSULTORIA,
A196: DMP/A.NOR.26.04983 | B196: =_xlfn.XLOOKUP(A:A,Planilha1!A:A,Planilha1!D:D,"Não encontrado") -> Poda de Árvores | C196: 46317 | D196: Liberado para Execução | E196: BRA | F196: 17001908 | G196: 257ET017972 | H196: =_xlfn.XLOOKUP(A:A,Planilha1!A:A,Planilha1!F:F,"Não encontrado") -> NOR | I196: 0 | J196: 46317.292 | K196: 46317.708 | L196: AP+ELETTRO LIGHT CONSULTORIA,
A197: DMP/A.NOR.26.05000 | B197: =_xlfn.XLOOKUP(A:A,Planilha1!A:A,Planilha1!D:D,"Não encontrado") -> Poda de Árvores | C197: 46317 | D197: Liberado para Execução | E197: BRA | F197: 17002465 | G197: 257ET001030 | H197: =_xlfn.XLOOKUP(A:A,Planilha1!A:A,Planilha1!F:F,"Não encontrado") -> NOR | I197: 0 | J197: 46317.292 | K197: 46317.708 | L197: AP+ELETTRO LIGHT CONSULTORIA,
A198: DMP/A.NOR.26.05010 | B198: =_xlfn.XLOOKUP(A:A,Planilha1!A:A,Planilha1!D:D,"Não encontrado") -> Poda de Árvores | C198: 46317 | D198: Liberado para Execução | E198: BRA | F198: 17001745 | G198: 257ET006410 | H198: =_xlfn.XLOOKUP(A:A,Planilha1!A:A,Planilha1!F:F,"Não encontrado") -> NOR | I198: 0 | J198: 46317.292 | K198: 46317.708 | L198: AP+ELETTRO LIGHT CONSULTORIA,
A199: DMP/A.NOR.25.03201 | B199: =_xlfn.XLOOKUP(A:A,Planilha1!A:A,Planilha1!D:D,"Não encontrado") -> Poda de Árvores | C199: 46317 | D199: Liberado para Execução | E199: BRA | F199: 17002929 | G199: 257ET122121 | H199: =_xlfn.XLOOKUP(A:A,Planilha1!A:A,Planilha1!F:F,"Não encontrado") -> NOR | I199: 0 | J199: 46317.292 | K199: 46317.708 | L199: AP+ELETTRO LIGHT CONSULTORIA,
A200: DMP/A.SUL.26.01185 | B200: =_xlfn.XLOOKUP(A:A,Planilha1!A:A,Planilha1!D:D,"Não encontrado") -> Poda de Árvores | C200: 46317 | D200: Liberado para Execução | E200: BRA | F200: 17003107 | G200: 257ET000131 | H200: =_xlfn.XLOOKUP(A:A,Planilha1!A:A,Planilha1!F:F,"Não encontrado") -> Sul | I200: 0 | J200: 46317.292 | K200: 46317.708 | L200: AP+ELETTRO LIGHT CONSULTORIA,
A201: DMP/A.SUL.26.01186 | B201: =_xlfn.XLOOKUP(A:A,Planilha1!A:A,Planilha1!D:D,"Não encontrado") -> Poda de Árvores | C201: 46317 | D201: Liberado para Execução | E201: BRA | F201: 17003196 | G201: 257ET009856 | H201: =_xlfn.XLOOKUP(A:A,Planilha1!A:A,Planilha1!F:F,"Não encontrado") -> Sul | I201: 0 | J201: 46317.292 | K201: 46317.708 | L201: AP+ELETTRO LIGHT CONSULTORIA,
A202: DMP/A.SUL.26.01203 | B202: =_xlfn.XLOOKUP(A:A,Planilha1!A:A,Planilha1!D:D,"Não encontrado") -> Poda de Árvores | C202: 46317 | D202: Cancelado | E202: BRA | F202: CANCELADO | G202: 257ET016243 | H202: =_xlfn.XLOOKUP(A:A,Planilha1!A:A,Planilha1!F:F,"Não encontrado") -> Sul | I202: 0 | J202: 46317.292 | K202: 46317.708 | L202: AP+ELETTRO LIGHT CONSULTORIA,
A203: DMP/A.SUL.26.01225 | B203: =_xlfn.XLOOKUP(A:A,Planilha1!A:A,Planilha1!D:D,"Não encontrado") -> Poda de Árvores | C203: 46317 | D203: Cancelado | E203: BRA | F203: CANCELADO | G203: 257ET080866 | H203: =_xlfn.XLOOKUP(A:A,Planilha1!A:A,Planilha1!F:F,"Não encontrado") -> Sul | I203: 0 | J203: 46317.292 | K203: 46317.708 | L203: AP+ELETTRO LIGHT CONSULTORIA,
A204: DMP/A.NOR.26.02886 | B204: =_xlfn.XLOOKUP(A:A,Planilha1!A:A,Planilha1!D:D,"Não encontrado") -> Poda de Árvores | C204: 46317 | D204: Liberado para Execução | E204: BRA | F204: 17003053 | G204: 257CF110180 | H204: =_xlfn.XLOOKUP(A:A,Planilha1!A:A,Planilha1!F:F,"Não encontrado") -> NOR | I204: 0 | J204: 46317.292 | K204: 46317.708 | L204: AP+ELETTRO LIGHT CONSULTORIA,
A205: DMP/A.NOR.26.02895 | B205: =_xlfn.XLOOKUP(A:A,Planilha1!A:A,Planilha1!D:D,"Não encontrado") -> Poda de Árvores | C205: 46317 | D205: Liberado para Execução | E205: BRA | F205: 17003053 | G205: 257CF110180 | H205: =_xlfn.XLOOKUP(A:A,Planilha1!A:A,Planilha1!F:F,"Não encontrado") -> NOR | I205: 0 | J205: 46317.292 | K205: 46317.708 | L205: AP+ELETTRO LIGHT CONSULTORIA,
A206: DMP/A.NOR.26.02898 | B206: =_xlfn.XLOOKUP(A:A,Planilha1!A:A,Planilha1!D:D,"Não encontrado") -> Poda de Árvores | C206: 46317 | D206: Liberado para Execução | E206: BRA | F206: 17003424 | G206: 257ET133445 | H206: =_xlfn.XLOOKUP(A:A,Planilha1!A:A,Planilha1!F:F,"Não encontrado") -> NOR | I206: 0 | J206: 46317.292 | K206: 46317.708 | L206: AP+ELETTRO LIGHT CONSULTORIA,
A207: DMP/A.NOR.26.02947 | B207: =_xlfn.XLOOKUP(A:A,Planilha1!A:A,Planilha1!D:D,"Não encontrado") -> Poda de Árvores | C207: 46317 | D207: Liberado para Execução | E207: BRA | F207: 17003424 | G207: 257ET133445 | H207: =_xlfn.XLOOKUP(A:A,Planilha1!A:A,Planilha1!F:F,"Não encontrado") -> NOR | I207: 0 | J207: 46317.292 | K207: 46317.708 | L207: AP+ELETTRO LIGHT CONSULTORIA,
A208: DMP/A.NOR.26.02932 | B208: =_xlfn.XLOOKUP(A:A,Planilha1!A:A,Planilha1!D:D,"Não encontrado") -> Poda de Árvores | C208: 46317 | D208: Pendente de Aprovação | E208: BRA | G208: 257ET122082 | H208: =_xlfn.XLOOKUP(A:A,Planilha1!A:A,Planilha1!F:F,"Não encontrado") -> NOR | I208: 0 | J208: 46317.292 | K208: 46317.708 | L208: AP+ELETTRO LIGHT CONSULTORIA,
A209: DMP/A.NOR.26.02939 | B209: =_xlfn.XLOOKUP(A:A,Planilha1!A:A,Planilha1!D:D,"Não encontrado") -> Poda de Árvores | C209: 46317 | D209: Liberado para Execução | E209: BRA | F209: 17003549-1 | G209: 257ET131583 | H209: =_xlfn.XLOOKUP(A:A,Planilha1!A:A,Planilha1!F:F,"Não encontrado") -> NOR | I209: 0 | J209: 46317.292 | K209: 46317.708 | L209: AP+ELETTRO LIGHT CONSULTORIA,
A210: DMP/A.NOR.26.02948 | B210: =_xlfn.XLOOKUP(A:A,Planilha1!A:A,Planilha1!D:D,"Não encontrado") -> Poda de Árvores | C210: 46317 | D210: Liberado para Execução | E210: BRA | F210: 17003621 | G210: 257ET074729 | H210: =_xlfn.XLOOKUP(A:A,Planilha1!A:A,Planilha1!F:F,"Não encontrado") -> NOR | I210: 0 | J210: 46317.292 | K210: 46317.708 | L210: AP+ELETTRO LIGHT CONSULTORIA,
A211: DMP/A.NOR.26.02950 | B211: =_xlfn.XLOOKUP(A:A,Planilha1!A:A,Planilha1!D:D,"Não encontrado") -> Poda de Árvores | C211: 46317 | D211: Liberado para Execução | E211: BRA | F211: 17001519 | G211: 257ET074282 | H211: =_xlfn.XLOOKUP(A:A,Planilha1!A:A,Planilha1!F:F,"Não encontrado") -> NOR | I211: 0 | J211: 46317.292 | K211: 46317.708 | L211: AP+ELETTRO LIGHT CONSULTORIA,
A212: DMP/A.SUL.26.01221 | B212: =_xlfn.XLOOKUP(A:A,Planilha1!A:A,Planilha1!D:D,"Não encontrado") -> Poda de Árvores | C212: 46317 | D212: Liberado para Execução | E212: BRA | F212: 17003041 | G212: 257ET058694 | H212: =_xlfn.XLOOKUP(A:A,Planilha1!A:A,Planilha1!F:F,"Não encontrado") -> Sul | I212: 0 | J212: 46317.292 | K212: 46317.708 | L212: AP+ELETTRO LIGHT CONSULTORIA,
A213: DMP/A.SUL.26.01146 | B213: =_xlfn.XLOOKUP(A:A,Planilha1!A:A,Planilha1!D:D,"Não encontrado") -> Poda de Árvores | C213: 46317 | D213: Liberado para Execução | E213: BRA | F213: 17003041 | G213: 257ET058694 | H213: =_xlfn.XLOOKUP(A:A,Planilha1!A:A,Planilha1!F:F,"Não encontrado") -> Sul | I213: 0 | J213: 46317.292 | K213: 46317.708 | L213: AP+ELETTRO LIGHT CONSULTORIA,
A214: DMP/A.ABC.26.02890 | B214: =_xlfn.XLOOKUP(A:A,Planilha1!A:A,Planilha1!D:D,"Não encontrado") -> Poda de Árvores | C214: 46317 | D214: Liberado para Execução | E214: BRA | F214: 17001460-1 | G214: 010ET220211 | H214: =_xlfn.XLOOKUP(A:A,Planilha1!A:A,Planilha1!F:F,"Não encontrado") -> ABC | I214: 0 | J214: 46317.333 | K214: 46317.75 | L214: Conecta Poda (Área 8B, 9 e 11) NEC
A215: DMP/A.ABC.26.02892 | B215: =_xlfn.XLOOKUP(A:A,Planilha1!A:A,Planilha1!D:D,"Não encontrado") -> Poda de Árvores | C215: 46317 | D215: Liberado para Execução | E215: BRA | F215: 17002707-1 | G215: 010ET060866 | H215: =_xlfn.XLOOKUP(A:A,Planilha1!A:A,Planilha1!F:F,"Não encontrado") -> ABC | I215: 0 | J215: 46317.333 | K215: 46317.75 | L215: Conecta Poda (Área 8B, 9 e 11) NEC
A216: DMP/A.ABC.26.01193 | B216: =_xlfn.XLOOKUP(A:A,Planilha1!A:A,Planilha1!D:D,"Não encontrado") -> Poda de Árvores | C216: 46317 | D216: Liberado para Execução | E216: BRA | F216: 17003067-1 | G216: 020ET068154 | H216: =_xlfn.XLOOKUP(A:A,Planilha1!A:A,Planilha1!F:F,"Não encontrado") -> ABC | I216: 0 | J216: 46317.333 | K216: 46317.75 | L216: Conecta Poda (Área 8B, 9 e 11) NEC
A217: DMP/A.ABC.26.01392 | B217: =_xlfn.XLOOKUP(A:A,Planilha1!A:A,Planilha1!D:D,"Não encontrado") -> Poda de Árvores | C217: 46317 | D217: Liberado para Execução | E217: BRA | F217: 17001688-1 | G217: 020ET088836 | H217: =_xlfn.XLOOKUP(A:A,Planilha1!A:A,Planilha1!F:F,"Não encontrado") -> ABC | I217: 0 | J217: 46317.333 | K217: 46317.75 | L217: Conecta Poda (Área 8B, 9 e 11) NEC
A218: DMP/A.ABC.26.01190 | B218: =_xlfn.XLOOKUP(A:A,Planilha1!A:A,Planilha1!D:D,"Não encontrado") -> Poda de Árvores | C218: 46317 | D218: Liberado para Execução | E218: BRA | F218: 17001124-1 | G218: 010ET230102 | H218: =_xlfn.XLOOKUP(A:A,Planilha1!A:A,Planilha1!F:F,"Não encontrado") -> ABC | I218: 0 | J218: 46317.333 | K218: 46317.75 | L218: Conecta Poda (Área 8B, 9 e 11) NEC
A219: DMP/A.ABC.26.02286 | B219: =_xlfn.XLOOKUP(A:A,Planilha1!A:A,Planilha1!D:D,"Não encontrado") -> Poda de Árvores | C219: 46317 | D219: Liberado para Execução | E219: BRA | F219: 17002806-1 | G219: 010ET056923 | H219: =_xlfn.XLOOKUP(A:A,Planilha1!A:A,Planilha1!F:F,"Não encontrado") -> ABC | I219: 0 | J219: 46317.333 | K219: 46317.75 | L219: Conecta Poda (Área 8B, 9 e 11) NEC
A220: DMP/A.ABC.26.00937 | B220: =_xlfn.XLOOKUP(A:A,Planilha1!A:A,Planilha1!D:D,"Não encontrado") -> Poda de Árvores | C220: 46317 | D220: Liberado para Execução | E220: BRA | F220: 17002892-1 | G220: 020ET062993 | H220: =_xlfn.XLOOKUP(A:A,Planilha1!A:A,Planilha1!F:F,"Não encontrado") -> ABC | I220: 0 | J220: 46317.333 | K220: 46317.75 | L220: Conecta Poda (Área 8B, 9 e 11) NEC
A221: DMP/A.NOR.26.01921 | B221: =_xlfn.XLOOKUP(A:A,Planilha1!A:A,Planilha1!D:D,"Não encontrado") -> Poda de Árvores | C221: 46317 | D221: Rascunho | E221: BRA | G221: DJJAC0104 | H221: =_xlfn.XLOOKUP(A:A,Planilha1!A:A,Planilha1!F:F,"Não encontrado") -> NOR | I221: 0 | J221: 46317.292 | K221: 46317.708 | L221: AP+ELETTRO LIGHT CONSULTORIA,
A222: DMP/A.ABC.26.01370 | B222: =_xlfn.XLOOKUP(A:A,Planilha1!A:A,Planilha1!D:D,"Não encontrado") -> Poda de Árvores | C222: 46317 | D222: Liberado para Execução | E222: BRA | F222: 17002979-1 | G222: 010ET087040 | H222: =_xlfn.XLOOKUP(A:A,Planilha1!A:A,Planilha1!F:F,"Não encontrado") -> ABC | I222: 0 | J222: 46317.333 | K222: 46317.75 | L222: Conecta Poda (Área 8B, 9 e 11) NEC
...

Sheet Planilha1
A1: Projeto | B1: Nota | C1: Empresa Executante | D1: Descrição do Projeto | E1: Rua | F1: Regiao | G1: Pendente | H1: UPS Orçada | I1: Status do Projeto | J1: Priorizado | K1: Prioritario | L1: Data da Priorizacao | M1: Motivo da Priorizacao
A2: DAC/A.ABC.26.00003 | B2: 389399916 | C2: Start Engenharia (Área 8B, 9 e 11) NEC | D2: Migração para Média Tensão | E2: Rua Rio Grande | F2: ABC | G2: 155 | H2: 52.695 | I2: Atendido | J2: TRUE | K2: FALSE
A3: DAC/A.ABC.26.00014 | B3: 389575327 | C3: TEES Engenharia (Áreas 7, 8A e 10) NEC | D3: Ligação Nova | E3: Rodovia dos Imigrantes | F3: ABC | G3: 86 | H3: 25.097 | I3: Atendido | J3: TRUE | K3: FALSE
A4: DAC/A.ABC.26.00029 | C4: TEES Engenharia (Áreas 7, 8A e 10) NEC | D4: Remoção de Poste | E4: Rua Aquidaban | F4: ABC | G4: 92 | H4: 73.373 | I4: Programado | J4: TRUE | K4: FALSE
A5: DAC/A.ABC.26.00036 | B5: 391171495 | C5: Start Engenharia (Área 8B, 9 e 11) NEC | D5: Remoção de Poste | E5: Avenida Pereira Barreto | Praça Ives Ota | F5: ABC | G5: 53 | H5: 67.063 | I5: Programado | J5: TRUE | K5: FALSE
A6: DAC/A.ABC.26.00038 | C6: TEES Engenharia (Áreas 7, 8A e 10) NEC | D6: Alteração de Carga | E6: 00 | F6: ABC | G6: 158 | H6: 83.93 | I6: Programado | J6: TRUE | K6: FALSE
A7: DAC/A.ABC.26.00053 | C7: Start Engenharia (Área 8B, 9 e 11) NEC | D7: Ligação Provisória | F7: ABC | G7: 146 | H7: 109.265 | I7: Programado | J7: TRUE | K7: FALSE
A8: DAC/A.ABC.26.00079 | C8: Start Engenharia (Área 8B, 9 e 11) NEC | D8: Alteração de Carga | E8: Rua Alonso Vasconcelos Pacheco | Avenida Itapark | F8: ABC | G8: 156 | H8: 136.392 | I8: Programado | J8: TRUE | K8: FALSE
A9: DAC/A.ABC.26.00095 | B9: 390172057 | C9: Conecta Obras Extras (Área 8B, 9 e 11) NEC | D9: Migração para Média Tensão | E9: Rua Doutor Ulysses Guimarães | F9: ABC | G9: 148 | H9: 30.377 | I9: Programado | J9: TRUE | K9: FALSE
A10: DAC/A.ABC.26.00108 | B10: 3639474 | C10: Cena-Land Subterrâneo | D10: Remoção de Posto Primário | F10: ABC | G10: 119 | H10: 0 | I10: Programado | J10: TRUE | K10: FALSE
A11: DAC/A.ABC.26.00110 | B11: 3639272 | C11: Cena-Land Subterrâneo | D11: Remoção de Posto Primário | F11: ABC | G11: 84 | H11: 0 | I11: Programado | J11: TRUE | K11: FALSE
A12: DAC/A.ABC.26.00113 | B12: 3639275 | C12: Cena-Land Subterrâneo | D12: Remoção de Posto Primário | F12: ABC | G12: 84 | H12: 0 | I12: Programado | J12: TRUE | K12: FALSE
A13: DAC/A.ABC.26.00125 | B13: 3639788 | C13: Cena-Land Subterrâneo | D13: Remoção de Posto Primário | F13: ABC | G13: 79 | H13: 0 | I13: Programado | J13: TRUE | K13: FALSE
A14: DAC/A.ABC.26.00136 | B14: 3639799 | C14: Cena-Land Subterrâneo | D14: Remoção de Posto Primário | F14: ABC | G14: 71 | H14: 0 | I14: Programado | J14: TRUE | K14: FALSE
A15: DAC/A.ABC.26.00138 | B15: 3639801 | C15: Cena-Land Subterrâneo | D15: Remoção de Posto Primário | F15: ABC | G15: 67 | H15: 0 | I15: Programado | J15: TRUE | K15: FALSE
A16: DAC/A.ABC.26.00139 | B16: 3639802 | C16: Cena-Land Subterrâneo | D16: Remoção de Posto Primário | F16: ABC | G16: 71 | H16: 0 | I16: Programado | J16: TRUE | K16: FALSE
A17: DAC/A.ABC.26.00152 | B17: 3639816 | C17: Cena-Land Subterrâneo | D17: Remoção de Posto Primário | F17: ABC | G17: 76 | H17: 0 | I17: Programado | J17: TRUE | K17: FALSE
A18: DAC/A.ABC.26.00154 | B18: 3640016 | C18: TEES Engenharia (Áreas 7, 8A e 10) NEC | D18: Regularização de Ligações Informais | E18: Rua Catequese | Rua Santa Clara | Rua Vanguarda | Rua Pio Gionotte | F18: ABC | G18: 99 | H18: 436.197 | I18: Programado | J18: TRUE | K18: FALSE
A19: DAC/A.ABC.26.00174 | C19: TEES Engenharia (Áreas 7, 8A e 10) NEC | D19: Remoção de Poste | E19: 00 | F19: ABC | G19: 113 | H19: 40.465 | I19: Programado | J19: TRUE | K19: FALSE
A20: DAC/A.ABC.26.00183 | B20: 390596914 | C20: Start Engenharia (Área 8B, 9 e 11) NEC | D20: Alteração de Carga | E20: Rua Doutor Eduardo Monteiro | Rua Doutor Eduardo Monteiro, 410 | Rua São Tomás | F20: ABC | G20: 86 | H20: 39.198 | I20: Programado | J20: TRUE | K20: FALSE
A21: DAC/A.ABC.26.00370 | C21: Start Engenharia (Área 8B, 9 e 11) NEC | D21: Alteração de Carga | F21: ABC | G21: 101 | H21: 60.934 | I21: Programado | J21: TRUE | K21: FALSE
A22: DAC/A.ABC.26.00375 | C22: Start Engenharia (Área 8B, 9 e 11) NEC | D22: Ligação Nova | E22: Avenida Lino Jardim, 884 | Avenida Lino Jardim | F22: ABC | G22: 84 | H22: 45.421 | I22: Programado | J22: TRUE | K22: FALSE
A23: DAC/A.ABC.26.00386 | C23: TEES Engenharia (Áreas 7, 8A e 10) NEC | D23: Migração para Média Tensão | F23: ABC | G23: 86 | H23: 181.168 | I23: Programado | J23: TRUE | K23: FALSE
A24: DAC/A.ABC.26.00402 | C24: Start Engenharia (Área 8B, 9 e 11) NEC | D24: Ligação Nova | E24: Rua do Amaro | Avenida Capitão Mário Toledo de Camargo | Passarela Deputado José Mendes Botelho | Avenida Dom Pedro I, 3000 | F24: ABC | G24: 91 | H24: 125.543 | I24: Programado | J24: TRUE | K24: FALSE
A25: DAC/A.ABC.26.00404 | B25: 391157051 | C25: Start Engenharia (Área 8B, 9 e 11) NEC | D25: Ligação Nova | E25: Rua das Hortências | F25: ABC | G25: 72 | H25: 58.913 | I25: Programado | J25: TRUE | K25: FALSE
A26: DAC/A.ABC.26.00417 | B26: 391225541 | C26: Start Engenharia (Área 8B, 9 e 11) NEC | D26: Alteração de Carga | F26: ABC | G26: 31 | H26: 87.02 | I26: Programado | J26: TRUE | K26: FALSE
A27: DAC/A.ABC.26.00419 | B27: 391241049 | C27: Start Engenharia (Área 8B, 9 e 11) NEC | D27: Alteração de Carga | F27: ABC | G27: 32 | H27: 127.1 | I27: Programado | J27: TRUE | K27: FALSE
A28: DAC/A.ABC.26.00422 | B28: 391245598 | C28: Start Engenharia (Área 8B, 9 e 11) NEC | D28: Ligação Nova | F28: ABC | G28: 37 | H28: 236.263 | I28: Programado | J28: TRUE | K28: FALSE
A29: DAC/A.ABC.26.00426 | B29: 3648274 | C29: Cena-Land Subterrâneo | D29: Remoção de Posto Primário | F29: ABC | G29: 93 | H29: 0 | I29: Programado | J29: TRUE | K29: FALSE
A30: DAC/A.ABC.26.00436 | B30: 3640016 | C30: TEES Engenharia (Áreas 7, 8A e 10) NEC | D30: Regularização de Ligações Informais | F30: ABC | G30: 99 | H30: 3.922 | I30: Programado | J30: TRUE | K30: FALSE
A31: DAC/A.ABC.26.00437 | B31: 391278543 | C31: TEES Engenharia (Áreas 7, 8A e 10) NEC | D31: Ligação Nova | F31: ABC | G31: 77 | H31: 172.913 | I31: Programado | J31: TRUE | K31: FALSE
A32: DAC/A.ABC.26.00438 | B32: 3648821 | C32: Cena-Land Subterrâneo | D32: Remoção de Posto Primário | F32: ABC | G32: 51 | H32: 0 | I32: Programado | J32: TRUE | K32: FALSE
A33: DAC/A.ABC.26.00443 | B33: 3648825 | C33: Cena-Land Subterrâneo | D33: Remoção de Posto Primário | F33: ABC | G33: 62 | H33: 0 | I33: Programado | J33: TRUE | K33: FALSE
A34: DAC/A.ABC.26.00453 | B34: 391547284 | C34: TEES Engenharia (Áreas 7, 8A e 10) NEC | D34: Ligação Nova | F34: ABC | G34: 66 | H34: 20.753 | I34: Programado | J34: TRUE | K34: FALSE
A35: DAC/A.ABC.26.00459 | B35: 391256405 | C35: Start Engenharia (Área 8B, 9 e 11) NEC | D35: Ligação Nova | E35: Avenida Portugal, 1571 | Avenida Portugal, 1555 | Avenida Portugal, 1580 | Rua Galeão Carvalhal | Avenida Portugal | F35: ABC | G35: 70 | H35: 131.317 | I35: Programado | J35: TRUE | K35: FALSE
A36: DAC/A.ABC.26.00464 | B36: 391612156 | C36: Start Engenharia (Área 8B, 9 e 11) NEC | D36: Ligação Nova | E36: Rua Miguel Prisco | F36: ABC | G36: 58 | H36: 65.45 | I36: Programado | J36: TRUE | K36: FALSE
A37: DAC/A.ABC.26.00474 | B37: 391740778 | C37: TEES Engenharia (Áreas 7, 8A e 10) NEC | D37: Migração para Média Tensão | E37: Estrada do Vergueiro, 76 | F37: ABC | G37: 65 | H37: 35.189 | I37: Programado | J37: TRUE | K37: FALSE
A38: DAC/A.ABC.26.00475 | B38: 391753409 | C38: Start Engenharia (Área 8B, 9 e 11) NEC | D38: Alteração de Carga | E38: Rua Baia Blanca | F38: ABC | G38: 43 | H38: 43.436 | I38: Programado | J38: TRUE | K38: FALSE
A39: DAC/A.ABC.26.00481 | B39: 3651377 | C39: Cena-Land Subterrâneo | D39: Remoção de Posto Primário | F39: ABC | G39: 62 | H39: 0 | I39: Programado | J39: TRUE | K39: FALSE
A40: DAC/A.ABC.26.00490 | B40: 3651438 | C40: Cena-Land Subterrâneo | D40: Remoção de Posto Primário | F40: ABC | G40: 62 | H40: 0 | I40: Programado | J40: TRUE | K40: FALSE
A41: DAC/A.ABC.26.00492 | B41: 3651441 | C41: Cena-Land Subterrâneo | D41: Remoção de Posto Primário | F41: ABC | G41: 62 | H41: 0 | I41: Programado | J41: TRUE | K41: FALSE
A42: DAC/A.ABC.26.00518 | B42: 391791198 | C42: TEES Engenharia (Áreas 7, 8A e 10) NEC | D42: Ligação Nova | F42: ABC | G42: 41 | H42: 184.89 | I42: Programado | J42: TRUE | K42: FALSE
A43: DAC/A.ABC.26.00521 | B43: 391835389 | C43: TEES Engenharia (Áreas 7, 8A e 10) NEC | D43: Ligação Nova | F43: ABC | G43: 37 | H43: 87.886 | I43: Programado | J43: TRUE | K43: FALSE
A44: DAC/A.ABC.26.00537 | B44: 3653939 | C44: Cena-Land Subterrâneo | D44: Remoção de Posto Primário | F44: ABC | G44: 47 | H44: 0 | I44: Programado | J44: TRUE | K44: FALSE
A45: DAC/A.ABC.26.00541 | B45: 3653993 | C45: Cena-Land Subterrâneo | D45: Remoção de Posto Primário | F45: ABC | G45: 55 | H45: 0 | I45: Programado | J45: TRUE | K45: FALSE
A46: DAC/A.ABC.26.00545 | B46: 3653998 | C46: Cena-Land Subterrâneo | D46: Remoção de Posto Primário | F46: ABC | G46: 55 | H46: 0 | I46: Programado | J46: TRUE | K46: FALSE
A47: DAC/A.ABC.26.00549 | B47: 3654022 | C47: Cena-Land Subterrâneo | D47: Remoção de Posto Primário | F47: ABC | G47: 55 | H47: 0 | I47: Programado | J47: TRUE | K47: FALSE
A48: DAC/A.ABC.26.00552 | C48: Cena-Land Subterrâneo | D48: Remoção de Posto Primário | F48: ABC | G48: 53 | H48: 0 | I48: Programado | J48: TRUE | K48: FALSE
A49: DAC/A.ABC.26.00553 | C49: Cena-Land Subterrâneo | D49: Remoção de Posto Primário | F49: ABC | G49: 53 | H49: 0 | I49: Programado | J49: TRUE | K49: FALSE
A50: DAC/A.ABC.26.00554 | B50: 3654033 | C50: Cena-Land Subterrâneo | D50: Remoção de Posto Primário | F50: ABC | G50: 55 | H50: 0 | I50: Programado | J50: TRUE | K50: FALSE
A51: DAC/A.ABC.26.00557 | B51: 3654037 | C51: Cena-Land Subterrâneo | D51: Remoção de Posto Primário | F51: ABC | G51: 55 | H51: 0 | I51: Programado | J51: TRUE | K51: FALSE
A52: DAC/A.ABC.26.00558 | C52: Cena-Land Subterrâneo | D52: Remoção de Posto Primário | F52: ABC | G52: 56 | H52: 0 | I52: Programado | J52: TRUE | K52: FALSE
A53: DAC/A.ABC.26.00559 | B53: 3654039 | C53: Cena-Land Subterrâneo | D53: Remoção de Posto Primário | F53: ABC | G53: 52 | H53: 0 | I53: Programado | J53: TRUE | K53: FALSE
A54: DAC/A.ABC.26.00561 | B54: 3654042 | C54: Cena-Land Subterrâneo | D54: Remoção de Posto Primário | F54: ABC | G54: 55 | H54: 0 | I54: Programado | J54: TRUE | K54: FALSE
A55: DAC/A.ABC.26.00562 | B55: 3654043 | C55: Cena-Land Subterrâneo | D55: Remoção de Posto Primário | F55: ABC | G55: 55 | H55: 0 | I55: Programado | J55: TRUE | K55: FALSE
A56: DAC/A.ABC.26.00564 | B56: 3654045 | C56: Cena-Land Subterrâneo | D56: Remoção de Posto Primário | F56: ABC | G56: 55 | H56: 0 | I56: Programado | J56: TRUE | K56: FALSE
A57: DAC/A.ABC.26.00565 | B57: 3654046 | C57: Cena-Land Subterrâneo | D57: Remoção de Posto Primário | F57: ABC | G57: 55 | H57: 0 | I57: Programado | J57: TRUE | K57: FALSE
A58: DAC/A.ABC.26.00589 | B58: 3654698 | C58: Cena-Land Subterrâneo | D58: Remoção de Posto Primário | F58: ABC | G58: 47 | H58: 0 | I58: Programado | J58: TRUE | K58: FALSE
A59: DAC/A.ABC.26.00597 | B59: 3654832 | C59: Cena-Land Subterrâneo | D59: Remoção de Posto Primário | F59: ABC | G59: 33 | H59: 0 | I59: Programado | J59: TRUE | K59: FALSE
A60: DAC/A.ABC.26.00598 | B60: 3654833 | C60: Cena-Land Subterrâneo | D60: Remoção de Posto Primário | F60: ABC | G60: 17 | H60: 0 | I60: Programado | J60: TRUE | K60: FALSE
A61: DAC/A.LES.21.00068 | C61: Start Engenharia (Área 8B, 9 e 11) NEC | D61: Regularização de Ligações Informais | E61: Estrada da Maratona | F61: LES | G61: 270 | H61: 415.901 | I61: Programado | J61: TRUE | K61: FALSE
A62: DAC/A.LES.22.00573 | C62: Start Engenharia (Área 8B, 9 e 11) NEC | D62: Alteração de Carga | F62: LES | G62: 1526 | H62: 56.205 | I62: Atendido | J62: TRUE | K62: FALSE
A63: DAC/A.LES.22.00850 | C63: Start Engenharia (Área 8B, 9 e 11) NEC | D63: Ligação Nova | E63: Estrada do Carneiro | F63: LES | G63: 1457 | H63: 8.57 | I63: Programado | J63: TRUE | K63: FALSE
A64: DAC/A.LES.22.00853 | B64: 385866061 | C64: Start Engenharia (Área 8B, 9 e 11) NEC | D64: Remoção de Poste | E64: Rua Virginia Germano | Rua Dias Falcão | Rua Antônio Bastos | Rua Geogirna Mongruei | Rua Ajupá | Rua Horácio Borgiani | Avenida Ragueb Chohfi, 4429 | F64: LES | G64: 372 | H64: 202.189 | I64: Programado | J64: TRUE | K64: FALSE
A65: DAC/A.LES.22.00855 | B65: 385866061 | C65: Start Engenharia (Área 8B, 9 e 11) NEC | D65: Remoção de Poste | E65: Rua Confederação dos Tamoios | Rua Barros Penteado | Rua Confederação dos Tamoios, 182 | Avenida Ragueb Chohfi | Avenida Ragueb Chohfi, 4482 | Rua Leandro Campanari | Avenida Ragueb Chohfi, 4240 | Avenida Ragueb Chohfi, 4429 | Rua Custódio do Nascimento | | F65: LES | G65: 372 | H65: 432.752 | I65: Programado | J65: TRUE | K65: FALSE
A66: DAC/A.LES.24.00063 | B66: 386345014 | C66: Start Engenharia (Área 8B, 9 e 11) NEC | D66: Ligação Nova | F66: LES | G66: 357 | H66: 193.965 | I66: Programado | J66: TRUE | K66: FALSE
A67: DAC/A.LES.24.00479 | C67: Start Engenharia (Área 8B, 9 e 11) NEC | D67: Ligação Nova | F67: LES | G67: 238 | H67: 51.124 | I67: Atendido | J67: TRUE | K67: FALSE
A68: DAC/A.LES.24.00551 | C68: Start Engenharia (Área 8B, 9 e 11) NEC | D68: Afastamento de Rede (Clientes) | E68: Avenida Ragueb Chohfi | Avenida Ragueb Chohfi, 3230 | F68: LES | G68: 767 | H68: 319.593 | I68: Programado | J68: TRUE | K68: FALSE
A69: DAC/A.LES.24.00552 | C69: Start Engenharia (Área 8B, 9 e 11) NEC | D69: Afastamento de Rede (Clientes) | E69: Avenida Ragueb Chohfi, 3230 | Avenida Ragueb Chohfi | Avenida Ragueb Chohfi, 3386 | Rua Minas de Santa Fé | F69: LES | G69: 767 | H69: 147.701 | I69: Atendido | J69: TRUE | K69: FALSE
A70: DAC/A.LES.24.00553 | C70: Start Engenharia (Área 8B, 9 e 11) NEC | D70: Afastamento de Rede (Clientes) | E70: Avenida Ragueb Chohfi, 3386 | Rua João Carlos Ferreira | Avenida Ragueb Chohfi, 3389 | Avenida Ragueb Chohfi | F70: LES | G70: 767 | H70: 239.732 | I70: Programado | J70: TRUE | K70: FALSE
A71: DAC/A.LES.24.00951 | C71: Start Engenharia (Área 8B, 9 e 11) NEC | D71: Ligação Nova | E71: Rua André de Almeida | F71: LES | G71: 609 | H71: 1.186 | I71: Programado | J71: TRUE | K71: FALSE
A72: DAC/A.LES.25.00098 | B72: 390975258 | C72: Start Engenharia (Área 8B, 9 e 11) NEC | D72: Alteração de Carga | E72: Rua Professor Antônio Seixas Leite Ribeiro | F72: LES | G72: 80 | H72: 53.47 | I72: Programado | J72: TRUE | K72: FALSE
A73: DAC/A.LES.25.00105 | C73: Start Engenharia (Área 8B, 9 e 11) NEC | D73: Alteração de Carga | E73: Rua Padre Benedito de Carvalho | Rua Padre Benedito de Camargo | Rua Frei Germano | Rua Vereador Cid Galvão da Silva | Rua Nunes de Siqueira | Rua Comendador Cantinho | F73: LES | G73: 420 | H73: 233.345 | I73: Programado | J73: TRUE | K73: FALSE
A74: DAC/A.LES.25.00116 | C74: Start Engenharia (Área 8B, 9 e 11) NEC | D74: Alteração de Carga | F74: LES | G74: 420 | H74: 256.701 | I74: Atendido | J74: TRUE | K74: FALSE
A75: DAC/A.LES.25.00117 | C75: Start Engenharia (Área 8B, 9 e 11) NEC | D75: Alteração de Carga | E75: Rua Aquilino Vidal | Avenida Doutor Orêncio Vidigal | F75: LES | G75: 420 | H75: 87.665 | I75: Programado | J75: TRUE | K75: FALSE
A76: DAC/A.LES.25.00141 | C76: Start Engenharia (Área 8B, 9 e 11) NEC | D76: Afastamento de Rede (Clientes) | F76: LES | G76: 568 | H76: 376.925 | I76: Atendido | J76: TRUE | K76: FALSE
A77: DAC/A.LES.25.00177 | C77: Conecta Obras Extras (Área 8B, 9 e 11) NEC | D77: Alteração de Carga | E77: Rua Igarapé da Missão | Avenida dos Metalúrgicos | F77: LES | G77: 483 | H77: 87.37 | I77: Programado | J77: TRUE | K77: FALSE
A78: DAC/A.LES.25.00259 | C78: Start Engenharia (Área 8B, 9 e 11) NEC | D78: Ligação Nova | F78: LES | G78: 401 | H78: 72.204 | I78: Atendido | J78: TRUE | K78: FALSE
A79: DAC/A.LES.25.00313 | C79: ZZOUT-Start Área 8B+11 (Contrato Antigo) | D79: Ligação Nova | F79: LES | G79: 494 | H79: 48.125 | I79: Executado | J79: TRUE | K79: FALSE
A80: DAC/A.LES.25.00607 | B80: 390799448 | C80: Start Engenharia (Área 8B, 9 e 11) NEC | D80: Ligação Nova | E80: Rua Carlos Tamagnini | F80: LES | G80: 76 | H80: 58.421 | I80: Programado | J80: TRUE | K80: FALSE
A81: DAC/A.LES.25.00670 | B81: 385828417 | C81: Start Engenharia (Área 8B, 9 e 11) NEC | D81: Ligação Nova | E81: Rua Ruzzi, 440 | F81: LES | G81: 235 | H81: 26.333 | I81: Atendido | J81: TRUE | K81: FALSE
A82: DAC/A.LES.25.00682 | C82: Start Engenharia (Área 8B, 9 e 11) NEC | D82: Afastamento de Rede (Clientes) | F82: LES | G82: 263 | H82: 393.186 | I82: Programado | J82: TRUE | K82: FALSE
A83: DAC/A.LES.25.00684 | B83: 385890138 | C83: Start Engenharia (Área 8B, 9 e 11) NEC | D83: Alteração de Carga | E83: Rua Lontras | Rua Doutor Ariocy Rodrigues Costa | F83: LES | G83: 126 | H83: 112.039 | I83: Programado | J83: TRUE | K83: FALSE
A84: DAC/A.LES.25.00700 | B84: 385792058 | C84: Start Engenharia (Área 8B, 9 e 11) NEC | D84: Alteração de Carga | F84: LES | G84: 441 | H84: 46.047 | I84: Atendido | J84: TRUE | K84: FALSE
A85: DAC/A.LES.25.00709 | C85: Start Engenharia (Área 8B, 9 e 11) NEC | D85: Afastamento de Rede (Clientes) | F85: LES | G85: 263 | H85: 510.677 | I85: Programado | J85: TRUE | K85: FALSE
A86: DAC/A.LES.25.00749 | C86: Start Engenharia (Área 8B, 9 e 11) NEC | D86: Alteração de Carga | E86: Avenida Rangel Pestana, 1255 | Avenida Rangel Pestana, 1238 | F86: LES | G86: 456 | H86: 61.03 | I86: Programado | J86: TRUE | K86: FALSE
A87: DAC/A.LES.25.00787 | C87: Start Engenharia (Área 8B, 9 e 11) NEC | D87: Ligação Nova | E87: Rua Serrana | Rua Acaiacá | Avenida Itaquera, 6571 | F87: LES | G87: 416 | H87: 228.411 | I87: Programado | J87: TRUE | K87: FALSE
A88: DAC/A.LES.25.00861 | C88: Start Engenharia (Área 8B, 9 e 11) NEC | D88: Alteração de Carga | F88: LES | G88: 398 | H88: 81.807 | I88: Atendido | J88: TRUE | K88: FALSE
A89: DAC/A.LES.25.00874 | C89: Start Engenharia (Área 8B, 9 e 11) NEC | D89: Alteração de Carga | E89: Rua Artur Franco | F89: LES | G89: 380 | H89: 63.174 | I89: Atendido | J89: TRUE | K89: FALSE
A90: DAC/A.LES.25.00884 | B90: 390759129 | C90: Conecta Obras Extras (Área 8B, 9 e 11) NEC | D90: Alteração de Carga | F90: LES | G90: 81 | H90: 59.192 | I90: Programado | J90: TRUE | K90: FALSE
A91: DAC/A.LES.25.00906 | B91: 390759129 | C91: Conecta Obras Extras (Área 8B, 9 e 11) NEC | D91: Alteração de Carga | F91: LES | G91: 81 | H91: 140.684 | I91: Programado | J91: TRUE | K91: FALSE
A92: DAC/A.LES.25.00989 | C92: Start Engenharia (Área 8B, 9 e 11) NEC | D92: Alteração de Carga | E92: Rua Visconde de Parnaíba, 3104 | Rua Visconde de Parnaíba, 3106 | Rua Visconde de Parnaíba, 3110 | Rua Saldanha Marinho, 277 | F92: LES | G92: 128 | H92: 76.08 | I92: Programado | J92: TRUE | K92: FALSE
A93: DAC/A.LES.25.00993 | C93: Start Engenharia (Área 8B, 9 e 11) NEC | D93: Ligação Nova | F93: LES | G93: 318 | H93: 24.932 | I93: Atendido | J93: TRUE | K93: FALSE
A94: DAC/A.LES.25.01017 | B94: 389179454 | C94: Start Engenharia (Área 8B, 9 e 11) NEC | D94: Migração para Média Tensão | E94: Avenida Paranaguá | Avenida Milene Elias | Avenida Boturussu | Travessa Tomazine | Rua Shobee Kumagai | F94: LES | G94: 182 | H94: 225.386 | I94: Programado | J94: TRUE | K94: FALSE
A95: DAC/A.LES.25.01019 | B95: 387010988 | C95: Start Engenharia (Área 8B, 9 e 11) NEC | D95: Alteração de Carga | E95: Rua Augusto Ostergren | F95: LES | G95: 324 | H95: 61.693 | I95: Atendido | J95: TRUE | K95: FALSE
A96: DAC/A.LES.25.01046 | C96: Conecta Obras Extras (Área 8B, 9 e 11) NEC | D96: Ligação Nova | E96: Avenida Dom Pedro I, 4197 | Avenida Dom Pedro I | F96: LES | G96: 353 | H96: 105.645 | I96: Programado | J96: TRUE | K96: FALSE
A97: DAC/A.LES.25.01069 | B97: 387328046 | C97: Start Engenharia (Área 8B, 9 e 11) NEC | D97: Ligação Nova | E97: Rua Galeão Carvalhal | Avenida Lino Jardim, 1144 | F97: LES | G97: 319 | H97: 169.158 | I97: Atendido | J97: TRUE | K97: FALSE
A98: DAC/A.LES.25.01112 | B98: 387397960 | C98: Conecta Obras Extras (Área 8B, 9 e 11) NEC | D98: Remoção de Poste | E98: Avenida Rio das Pedras, 1355 | F98: LES | G98: 282 | H98: 21.11 | I98: Programado | J98: TRUE | K98: FALSE
A99: DAC/A.LES.25.01124 | C99: Start Engenharia (Área 8B, 9 e 11) NEC | D99: Ligação Nova | E99: Rua Padre Manuel Luis de Vergueiro | F99: LES | G99: 318 | H99: 107.808 | I99: Programado | J99: TRUE | K99: FALSE
A100: DAC/A.LES.25.01200 | B100: 387720681 | C100: Start Engenharia (Área 8B, 9 e 11) NEC | D100: Ligação Nova | E100: Rua Minúcio Félix | F100: LES | G100: 184 | H100: 122.1 | I100: Programado | J100: TRUE | K100: FALSE
...
